{
  "alpha_mean": 12.94627192360068,
  "alpha_median": 12.946234077528803,
  "alpha_ci95": [
    12.939236406027897,
    12.95324590723384
  ],
  "delta_mean": 26.492603577027918,
  "delta_median": 26.49230477756287,
  "delta_ci95": [
    26.39997806878862,
    26.58622203981918
  ],
  "n_samples": 2000
}